Peptide ID,Peptide,HLA restriction,Peptide Length,anchor position,aaWT,residue number,aaMUT
CasE_14_P2V1,ICRAWSRDL,B*07:02,8,P2,A,9,C
CasE_14_P2V2,IERAWSRDL,B*07:02,8,P2,A,9,E
CasE_14_P2V3,IFRAWSRDL,B*07:02,8,P2,A,9,F
CasE_14_P2V4,IKRAWSRDL,B*07:02,8,P2,A,9,K
CasE_14_P2V5,IQRAWSRDL,B*07:02,8,P2,A,9,Q
CasE_25_P2V1,ICRAWSRDLY,A*01:01,9,P2,A,9,C
CasE_25_P2V2,IERAWSRDLY,A*01:01,9,P2,A,9,E
CasE_25_P2V3,IFRAWSRDLY,A*01:01,9,P2,A,9,F
CasE_25_P2V4,IKRAWSRDLY,A*01:01,9,P2,A,9,K
CasE_25_P2V5,IQRAWSRDLY,A*01:01,9,P2,A,9,Q
CasE_25_P3V7,IAFAWSRDLY,A*01:01,9,P3,R,10,F
CasE_25_P3V8,IALAWSRDLY,A*01:01,9,P3,R,10,L
CasE_25_P3P1,IAAAWSRDLY,A*01:01,10,P3,R,10,A
CasE_25_P3P2,IACAWSRDLY,A*01:01,10,P3,R,10,C
CasE_25_P3P3,IAHAWSRDLY,A*01:01,10,P3,R,10,H
CasE_25_P3P4,IAKAWSRDLY,A*01:01,10,P3,R,10,K
CasE_25_P3P5,IAQAWSRDLY,A*01:01,10,P3,R,10,Q
CasE_25_P3P6,IAWAWSRDLY,A*01:01,10,P3,R,10,W
CasE_11_PΩV1,YLSKIIIAF,A*03:01,9,PΩ,R,10,F
CasE_11_PΩV2,YLSKIIIAL,A*03:01,9,PΩ,R,10,L
CasE_11_PΩV3,YLSKIIIAQ,A*03:01,9,PΩ,R,10,Q
CasE_14_PΩV1,IARAWSRDC,B*07:02,9,PΩ,L,16,C
CasE_14_PΩV2,IARAWSRDD,B*07:02,9,PΩ,L,16,D
CasE_14_PΩV3,IARAWSRDK,B*07:02,9,PΩ,L,16,K
CasE_14_PΩV4,IARAWSRDT,B*07:02,9,PΩ,L,16,T
CasE_14_PΩV5,IARAWSRDW,B*07:02,9,PΩ,L,16,W
CasE_14_PΩV6,IARAWSRDY,B*07:02,9,PΩ,L,16,Y
CasE_44_P2V1,FCNRPDAARDF,B*07:02,11,P2,P,28,C
CasE_44_P2V2,FDNRPDAARDF,B*07:02,11,P2,P,28,D
CasE_44_P2V3,FHNRPDAARDF,B*07:02,11,P2,P,28,H
CasE_44_P2V4,FKNRPDAARDF,B*07:02,11,P2,P,28,K
CasE_44_P2V5,FSNRPDAARDF,B*07:02,11,P2,P,28,S
CasE_44_P2V6,FVNRPDAARDF,B*07:02,11,P2,P,28,V
CasE_40_PΩV1,AARDFLFHVEA,A*03:01,11,PΩ,K,43,A
CasE_40_PΩV2,AARDFLFHVEC,A*03:01,11,PΩ,K,43,C
CasE_40_PΩV3,AARDFLFHVEE,A*03:01,11,PΩ,K,43,E
CasE_40_PΩV4,AARDFLFHVEH,A*03:01,11,PΩ,K,43,H
CasE_40_PΩV5,AARDFLFHVES,A*03:01,11,PΩ,K,43,S
CasE_40_PΩV6,AARDFLFHVEW,A*03:01,11,PΩ,K,43,W
CasE_40_PΩV7,AARDFLFHVER,A*03:01,11,PΩ,K,43,R
CasE_16_P2V1,MAVSTAVAT,A*03:01,9,P2,P,60,A
CasE_16_P2V2,MCVSTAVAT,A*03:01,9,P2,P,60,C
CasE_16_P2V3,MDVSTAVAT,A*03:01,9,P2,P,60,D
CasE_16_P2V4,MHVSTAVAT,A*03:01,9,P2,P,60,H
CasE_16_P2V5,MRVSTAVAT,A*03:01,9,P2,P,60,R
CasE_16_P2V6,MSVSTAVAT,A*03:01,9,P2,P,60,S
CasE_16_P2V7,MWVSTAVAT,A*03:01,9,P2,P,60,W
CasE_2_P2V1,SAAVATVIK,B*07:02,9,P2,T,63,A
CasE_2_P2V2,SCAVATVIK,B*07:02,9,P2,T,63,C
CasE_2_P2V3,SDAVATVIK,B*07:02,9,P2,T,63,D
CasE_2_P2V4,SHAVATVIK,B*07:02,9,P2,T,63,H
CasE_2_P2V5,SKAVATVIK,B*07:02,9,P2,T,63,K
CasE_2_P2V6,SSAVATVIK,B*07:02,9,P2,T,63,S
CasE_2_P2V7,SWAVATVIK,B*07:02,9,P2,T,63,W
CasE_16_PΩP1,MPVSTAVAC,A*03:01,9,PΩ,T,67,C
CasE_16_PΩP2,MPVSTAVAD,A*03:01,9,PΩ,T,67,D
CasE_16_PΩP3,MPVSTAVAH,A*03:01,9,PΩ,T,67,H
CasE_16_PΩP4,MPVSTAVAK,A*03:01,9,PΩ,T,67,K
CasE_16_PΩP5,MPVSTAVAS,A*03:01,9,PΩ,T,67,S
CasE_16_PΩP6,MPVSTAVAW,A*03:01,9,PΩ,T,67,W
CasE_36_P2V1,MAVSTAVATV,B*07:02,10,P2,P,59,A
CasE_36_PΩV1,MPVSTAVATC,B*07:02,10,PΩ,V,68,C
CasE_36_PΩV2,MPVSTAVATD,B*07:02,10,PΩ,V,68,D
CasE_36_PΩV3,MPVSTAVATK,B*07:02,10,PΩ,V,68,K
CasE_36_PΩV4,MPVSTAVATT,B*07:02,10,PΩ,V,68,T
CasE_36_PΩV5,MPVSTAVATW,B*07:02,10,PΩ,V,68,W
CasE_36_PΩV6,MPVSTAVATY,B*07:02,10,PΩ,V,68,Y
CasE_41_P2V1,SSAVATVIKTK,A*03:01,11,P2,T,63,S
CasE_41_PΩV1,STAVATVIKTA,A*03:01,11,PΩ,K,72,A
CasE_41_PΩV2,STAVATVIKTC,A*03:01,11,PΩ,K,72,C
CasE_41_PΩV3,STAVATVIKTE,A*03:01,11,PΩ,K,72,E
CasE_41_PΩV4,STAVATVIKTH,A*03:01,11,PΩ,K,72,H
CasE_41_PΩV5,STAVATVIKTS,A*03:01,11,PΩ,K,72,S
CasE_41_PΩV6,STAVATVIKTW,A*03:01,11,PΩ,K,72,W
CasE_41_PΩV6,STAVATVIKTW,A*03:01,11,PΩ,K,72,W
CasE_41_PΩV6,STAVATVIKTW,A*03:01,11,PΩ,K,72,W
CasE_41_PΩV7,STAVATVIKTR,A*03:01,11,PΩ,K,72,R
CasE_1_P2V2,QDQVGVPLY,A*01:01,9,P2,L,78,D
CasE_1_P2V2,QDQVGVPLY,A*03:01,9,P2,L,78,D
CasE_1_P2V3,QFQVGVPLY,A*03:01,9,P2,L,78,F
CasE_1_P2V4,QKQVGVPLY,A*03:01,9,P2,L,78,K
CasE_1_P2V5,QSQVGVPLY,A*03:01,9,P2,L,78,S
CasE_1_P2V6,QWQVGVPLY,A*03:01,9,P2,L,78,W
CasE_1_P3V1,QLAVGVPLY,A*03:01,9,P3,Q,79,A
CasE_1_P3V2,QLCVGVPLY,A*03:01,9,P3,Q,79,C
CasE_1_P3V3,QLHVGVPLY,A*03:01,9,P3,Q,79,H
CasE_1_P3V4,QLRVGVPLY,A*03:01,9,P3,Q,79,R
CasE_1_P3V5,QLTVGVPLY,A*03:01,9,P3,Q,79,T
CasE_1_P3V6,QLWVGVPLY,A*03:01,9,P3,Q,79,W
CasE_26_PΩV2,FQLQVGVPLE,A*01:01,10,PΩ,Y,85,E
CasE_26_PΩV3,FQLQVGVPLH,A*01:01,10,PΩ,Y,85,H
CasE_26_PΩV4,FQLQVGVPLK,A*01:01,10,PΩ,Y,85,K
CasE_26_PΩV5,FQLQVGVPLS,A*01:01,10,PΩ,Y,85,S
CasE_26_PΩV6,FQLQVGVPLV,A*01:01,10,PΩ,Y,85,V
CasE_26_PΩV7,FQLQVGVPLW,A*01:01,10,PΩ,Y,85,W
CasE_43_P2V1,RAEDVHPISER,A*03:01,11,P2,V,136,A
CasE_43_P2V2,RCEDVHPISER,A*03:01,11,P2,V,136,C
CasE_43_P2V3,REEDVHPISER,A*03:01,11,P2,V,136,E
CasE_43_P2V4,RFEDVHPISER,A*03:01,11,P2,V,136,F
CasE_43_P2V5,RKEDVHPISER,A*03:01,11,P2,V,136,K
CasE_43_P2V6,RSEDVHPISER,A*03:01,10,P2,V,136,S
CasE_52_P2V1,VFPISERPQY,B*08:01,10,P2,H,140,F
CasE_52_P2V2,VKPISERPQY,B*08:01,10,P2,H,140,K
CasE_52_P2V3,VNPISERPQY,B*08:01,9,P2,H,140,N
CasE_55_PΩV1,NGKIQTVCH,B*08:01,9,PΩ,F,163,H
CasE_55_PΩV2,NGKIQTVCN,B*08:01,9,PΩ,F,163,N
CasE_55_PΩV3,NGKIQTVCW,B*08:01,9,PΩ,F,163,W